{
  "swagger": "2.0",
  "info": {
    "version": "v3",
    "title": "Microsoft Bot Connector API - v3.0",
    "description": "The Bot Connector REST API allows your bot to send and receive messages to channels configured in the\r\n[Bot Framework Developer Portal](https://dev.botframework.com). The Connector service uses industry-standard REST\r\nand JSON over HTTPS.\r\n\r\nClient libraries for this REST API are available. See below for a list.\r\n\r\nMany bots will use both the Bot Connector REST API and the associated [Bot State REST API](/en-us/restapi/state). The\r\nBot State REST API allows a bot to store and retrieve state associated with users and conversations.\r\n\r\nAuthentication for both the Bot Connector and Bot State REST APIs is accomplished with JWT Bearer tokens, and is\r\ndescribed in detail in the [Connector Authentication](/en-us/restapi/authentication) document.\r\n\r\n# Client Libraries for the Bot Connector REST API\r\n\r\n* [Bot Builder for C#](/en-us/csharp/builder/sdkreference/)\r\n* [Bot Builder for Node.js](/en-us/node/builder/overview/)\r\n* Generate your own from the [Connector API Swagger file](https://raw.githubusercontent.com/Microsoft/BotBuilder/master/CSharp/Library/Microsoft.Bot.Connector.Shared/Swagger/ConnectorAPI.json)\r\n\r\n© 2016 Microsoft",
    "termsOfService": "https://www.microsoft.com/en-us/legal/intellectualproperty/copyright/default.aspx",
    "contact": {
      "name": "Bot Framework",
      "url": "https://botframework.com",
      "email": "botframework@microsoft.com"
    },
    "license": {
      "name": "The MIT License (MIT)",
      "url": "https://opensource.org/licenses/MIT"
    }
  },
  "host": "api.botframework.com",
  "schemes": [
    "https"
  ],
  "paths": {
    "/v3/attachments/{attachmentId}": {
      "get": {
        "tags": [
          "Attachments"
        ],
        "summary": "GetAttachmentInfo",
        "description": "Get AttachmentInfo structure describing the attachment views",
        "operationId": "Attachments_GetAttachmentInfo",
        "consumes": [],
        "produces": [
          "application/json",
          "text/json",
          "application/xml",
          "text/xml"
        ],
        "parameters": [
          {
            "name": "attachmentId",
            "in": "path",
            "description": "attachment id",
            "required": true,
            "type": "string"
          }
        ],
        "responses": {
          "200": {
            "description": "An attachmentInfo object is returned which describes the:\r\n* type of the attachment\r\n* name of the attachment\r\n\r\n\r\nand an array of views:\r\n* Size - size of the object\r\n* ViewId - View Id which can be used to fetch a variation on the content (ex: original or thumbnail)",
            "schema": {
              "$ref": "#/definitions/AttachmentInfo"
            }
          },
          "default": {
            "description": "The operation failed and the response is an error object describing the status code and failure.",
            "schema": {
              "$ref": "#/definitions/ErrorResponse"
            }
          }
        }
      }
    },
    "/v3/attachments/{attachmentId}/views/{viewId}": {
      "get": {
        "tags": [
          "Attachments"
        ],
        "summary": "GetAttachment",
        "description": "Get the named view as binary content",
        "operationId": "Attachments_GetAttachment",
        "consumes": [],
        "produces": [
          "application/json",
          "text/json",
          "application/xml",
          "text/xml"
        ],
        "parameters": [
          {
            "name": "attachmentId",
            "in": "path",
            "description": "attachment id",
            "required": true,
            "type": "string"
          },
          {
            "name": "viewId",
            "in": "path",
            "description": "View id from attachmentInfo",
            "required": true,
            "type": "string"
          }
        ],
        "responses": {
          "200": {
            "description": "Attachment stream",
            "schema": {
              "format": "byte",
              "type": "file"
            }
          },
          "301": {
            "description": "The Location header describes where the content is now."
          },
          "302": {
            "description": "The Location header describes where the content is now."
          },
          "default": {
            "description": "The operation failed and the response is an error object describing the status code and failure.",
            "schema": {
              "$ref": "#/definitions/ErrorResponse"
            }
          }
        }
      }
    },
    "/v3/conversations": {
      "post": {
        "tags": [
          "Conversations"
        ],
        "summary": "CreateConversation",
        "description": "Create a new Conversation.\r\n\r\nPOST to this method with a\r\n* Bot being the bot creating the conversation\r\n* IsGroup set to true if this is not a direct message (default is false)\r\n* Members array contining the members you want to have be in the conversation.\r\n\r\nThe return value is a ResourceResponse which contains a conversation id which is suitable for use\r\nin the message payload and REST API uris.\r\n\r\nMost channels only support the semantics of bots initiating a direct message conversation.  An example of how to do that would be:\r\n\r\n```\r\nvar resource = await connector.conversations.CreateConversation(new ConversationParameters(){ Bot = bot, members = new ChannelAccount[] { new ChannelAccount(\"user1\") } );\r\nawait connect.Conversations.SendToConversationAsync(resource.Id, new Activity() ... ) ;\r\n\r\n```",
        "operationId": "Conversations_CreateConversation",
        "consumes": [
          "application/json",
          "text/json",
          "application/xml",
          "text/xml",
          "application/x-www-form-urlencoded"
        ],
        "produces": [
          "application/json",
          "text/json",
          "application/xml",
          "text/xml"
        ],
        "parameters": [
          {
            "name": "parameters",
            "in": "body",
            "description": "Parameters to create the conversation from",
            "required": true,
            "schema": {
              "$ref": "#/definitions/ConversationParameters"
            }
          }
        ],
        "responses": {
          "200": {
            "description": "An object will be returned containing \r\n* the ID for the conversation\r\n* ActivityId for the activity if provided.  If ActivityId is null then the channel doesn't support returning resource id's for activity.",
            "schema": {
              "$ref": "#/definitions/ConversationResourceResponse"
            }
          },
          "201": {
            "description": "An object will be returned containing \r\n* the ID for the conversation\r\n* ActivityId for the activity if provided.  If ActivityId is null then the channel doesn't support returning resource id's for activity.",
            "schema": {
              "$ref": "#/definitions/ConversationResourceResponse"
            }
          },
          "202": {
            "description": "An object will be returned containing \r\n* the ID for the conversation\r\n* ActivityId for the activity if provided.  If ActivityId is null then the channel doesn't support returning resource id's for activity.",
            "schema": {
              "$ref": "#/definitions/ConversationResourceResponse"
            }
          },
          "default": {
            "description": "The operation failed and the response is an error object describing the status code and failure.",
            "schema": {
              "$ref": "#/definitions/ErrorResponse"
            }
          }
        }
      }
    },
    "/v3/conversations/{conversationId}/activities": {
      "post": {
        "tags": [
          "Conversations"
        ],
        "summary": "SendToConversation",
        "description": "This method allows you to send an activity to the end of a conversation.\r\n\r\nThis is slightly different from ReplyToActivity().\r\n* SendToConverstion(conversationId) - will append the activity to the end of the conversation according to the timestamp or semantics of the channel.\r\n* ReplyToActivity(conversationId,ActivityId) - adds the activity as a reply to another activity, if the channel supports it. If the channel does not support nested replies, ReplyToActivity falls back to SendToConversation.\r\n\r\nUse ReplyToActivity when replying to a specific activity in the conversation.\r\n\r\nUse SendToConversation in all other cases.",
        "operationId": "Conversations_SendToConversation",
        "consumes": [
          "application/json",
          "text/json",
          "application/xml",
          "text/xml",
          "application/x-www-form-urlencoded"
        ],
        "produces": [
          "application/json",
          "text/json"
        ],
        "parameters": [
          {
            "name": "conversationId",
            "in": "path",
            "description": "Conversation ID",
            "required": true,
            "type": "string"
          },
          {
            "name": "activity",
            "in": "body",
            "description": "Activity to send",
            "required": true,
            "schema": {
              "$ref": "#/definitions/Activity"
            }
          }
        ],
        "responses": {
          "200": {
            "description": "An object will be returned containing the ID for the resource.",
            "schema": {
              "$ref": "#/definitions/ResourceResponse"
            }
          },
          "201": {
            "description": "A ResourceResponse object will be returned containing the ID for the resource.",
            "schema": {
              "$ref": "#/definitions/ResourceResponse"
            }
          },
          "202": {
            "description": "An object will be returned containing the ID for the resource.",
            "schema": {
              "$ref": "#/definitions/ResourceResponse"
            }
          },
          "default": {
            "description": "The operation failed and the response is an error object describing the status code and failure.",
            "schema": {
              "$ref": "#/definitions/ErrorResponse"
            }
          }
        }
      }
    },
    "/v3/conversations/{conversationId}/activities/{activityId}": {
      "put": {
        "tags": [
          "Conversations"
        ],
        "summary": "UpdateActivity",
        "description": "Edit an existing activity.\r\n\r\nSome channels allow you to edit an existing activity to reflect the new state of a bot conversation.\r\n\r\nFor example, you can remove buttons after someone has clicked \"Approve\" button.",
        "operationId": "Conversations_UpdateActivity",
        "consumes": [
          "application/json",
          "text/json",
          "application/xml",
          "text/xml",
          "application/x-www-form-urlencoded"
        ],
        "produces": [
          "application/json",
          "text/json"
        ],
        "parameters": [
          {
            "name": "conversationId",
            "in": "path",
            "description": "Conversation ID",
            "required": true,
            "type": "string"
          },
          {
            "name": "activityId",
            "in": "path",
            "description": "activityId to update",
            "required": true,
            "type": "string"
          },
          {
            "name": "activity",
            "in": "body",
            "description": "replacement Activity",
            "required": true,
            "schema": {
              "$ref": "#/definitions/Activity"
            }
          }
        ],
        "responses": {
          "200": {
            "description": "An object will be returned containing the ID for the resource.",
            "schema": {
              "$ref": "#/definitions/ResourceResponse"
            }
          },
          "201": {
            "description": "A ResourceResponse object will be returned containing the ID for the resource.",
            "schema": {
              "$ref": "#/definitions/ResourceResponse"
            }
          },
          "202": {
            "description": "An object will be returned containing the ID for the resource.",
            "schema": {
              "$ref": "#/definitions/ResourceResponse"
            }
          },
          "default": {
            "description": "The operation failed and the response is an error object describing the status code and failure.",
            "schema": {
              "$ref": "#/definitions/ErrorResponse"
            }
          }
        }
      },
      "post": {
        "tags": [
          "Conversations"
        ],
        "summary": "ReplyToActivity",
        "description": "This method allows you to reply to an activity.\r\n\r\nThis is slightly different from SendToConversation().\r\n* SendToConverstion(conversationId) - will append the activity to the end of the conversation according to the timestamp or semantics of the channel.\r\n* ReplyToActivity(conversationId,ActivityId) - adds the activity as a reply to another activity, if the channel supports it. If the channel does not support nested replies, ReplyToActivity falls back to SendToConversation.\r\n\r\nUse ReplyToActivity when replying to a specific activity in the conversation.\r\n\r\nUse SendToConversation in all other cases.",
        "operationId": "Conversations_ReplyToActivity",
        "consumes": [
          "application/json",
          "text/json",
          "application/xml",
          "text/xml",
          "application/x-www-form-urlencoded"
        ],
        "produces": [
          "application/json",
          "text/json"
        ],
        "parameters": [
          {
            "name": "conversationId",
            "in": "path",
            "description": "Conversation ID",
            "required": true,
            "type": "string"
          },
          {
            "name": "activityId",
            "in": "path",
            "description": "activityId the reply is to (OPTIONAL)",
            "required": true,
            "type": "string"
          },
          {
            "name": "activity",
            "in": "body",
            "description": "Activity to send",
            "required": true,
            "schema": {
              "$ref": "#/definitions/Activity"
            }
          }
        ],
        "responses": {
          "200": {
            "description": "An object will be returned containing the ID for the resource.",
            "schema": {
              "$ref": "#/definitions/ResourceResponse"
            }
          },
          "201": {
            "description": "A ResourceResponse object will be returned containing the ID for the resource.",
            "schema": {
              "$ref": "#/definitions/ResourceResponse"
            }
          },
          "202": {
            "description": "An object will be returned containing the ID for the resource.",
            "schema": {
              "$ref": "#/definitions/ResourceResponse"
            }
          },
          "default": {
            "description": "The operation failed and the response is an error object describing the status code and failure.",
            "schema": {
              "$ref": "#/definitions/ErrorResponse"
            }
          }
        }
      },
      "delete": {
        "tags": [
          "Conversations"
        ],
        "summary": "DeleteActivity",
        "description": "Delete an existing activity.\r\n\r\nSome channels allow you to delete an existing activity, and if successful this method will remove the specified activity.",
        "operationId": "Conversations_DeleteActivity",
        "consumes": [],
        "produces": [
          "application/json",
          "text/json",
          "application/xml",
          "text/xml"
        ],
        "parameters": [
          {
            "name": "conversationId",
            "in": "path",
            "description": "Conversation ID",
            "required": true,
            "type": "string"
          },
          {
            "name": "activityId",
            "in": "path",
            "description": "activityId to delete",
            "required": true,
            "type": "string"
          }
        ],
        "responses": {
          "200": {
            "description": "The operation succeeded, there is no response."
          },
          "202": {
            "description": "The request has been accepted for processing, but the processing has not been completed"
          },
          "default": {
            "description": "The operation failed and the response is an error object describing the status code and failure.",
            "schema": {
              "$ref": "#/definitions/ErrorResponse"
            }
          }
        }
      }
    },
    "/v3/conversations/{conversationId}/members": {
      "get": {
        "tags": [
          "Conversations"
        ],
        "summary": "GetConversationMembers",
        "description": "Enumerate the members of a converstion. \r\n\r\nThis REST API takes a ConversationId and returns an array of ChannelAccount objects representing the members of the conversation.",
        "operationId": "Conversations_GetConversationMembers",
        "consumes": [],
        "produces": [
          "application/json",
          "text/json",
          "application/xml",
          "text/xml"
        ],
        "parameters": [
          {
            "name": "conversationId",
            "in": "path",
            "description": "Conversation ID",
            "required": true,
            "type": "string"
          }
        ],
        "responses": {
          "200": {
            "description": "An array of ChannelAccount objects",
            "schema": {
              "type": "array",
              "items": {
                "$ref": "#/definitions/ChannelAccount"
              }
            }
          },
          "default": {
            "description": "The operation failed and the response is an error object describing the status code and failure.",
            "schema": {
              "$ref": "#/definitions/ErrorResponse"
            }
          }
        }
      }
    },
    "/v3/conversations/{conversationId}/activities/{activityId}/members": {
      "get": {
        "tags": [
          "Conversations"
        ],
        "summary": "GetActivityMembers",
        "description": "Enumerate the members of an activity. \r\n\r\nThis REST API takes a ConversationId and a ActivityId, returning an array of ChannelAccount objects representing the members of the particular activity in the conversation.",
        "operationId": "Conversations_GetActivityMembers",
        "consumes": [],
        "produces": [
          "application/json",
          "text/json",
          "application/xml",
          "text/xml"
        ],
        "parameters": [
          {
            "name": "conversationId",
            "in": "path",
            "description": "Conversation ID",
            "required": true,
            "type": "string"
          },
          {
            "name": "activityId",
            "in": "path",
            "description": "Activity ID",
            "required": true,
            "type": "string"
          }
        ],
        "responses": {
          "200": {
            "description": "An array of ChannelAccount objects",
            "schema": {
              "type": "array",
              "items": {
                "$ref": "#/definitions/ChannelAccount"
              }
            }
          },
          "default": {
            "description": "The operation failed and the response is an error object describing the status code and failure.",
            "schema": {
              "$ref": "#/definitions/ErrorResponse"
            }
          }
        }
      }
    },
    "/v3/conversations/{conversationId}/attachments": {
      "post": {
        "tags": [
          "Conversations"
        ],
        "summary": "UploadAttachment",
        "description": "Upload an attachment directly into a channel's blob storage.\r\n\r\nThis is useful because it allows you to store data in a compliant store when dealing with enterprises.\r\n\r\nThe response is a ResourceResponse which contains an AttachmentId which is suitable for using with the attachments API.",
        "operationId": "Conversations_UploadAttachment",
        "consumes": [
          "application/json",
          "text/json",
          "application/xml",
          "text/xml",
          "application/x-www-form-urlencoded"
        ],
        "produces": [
          "application/json",
          "text/json"
        ],
        "parameters": [
          {
            "name": "conversationId",
            "in": "path",
            "description": "Conversation ID",
            "required": true,
            "type": "string"
          },
          {
            "name": "attachmentUpload",
            "in": "body",
            "description": "Attachment data",
            "required": true,
            "schema": {
              "$ref": "#/definitions/AttachmentData"
            }
          }
        ],
        "responses": {
          "200": {
            "description": "An object will be returned containing the ID for the resource.",
            "schema": {
              "$ref": "#/definitions/ResourceResponse"
            }
          },
          "201": {
            "description": "A ResourceResponse object will be returned containing the ID for the resource.",
            "schema": {
              "$ref": "#/definitions/ResourceResponse"
            }
          },
          "202": {
            "description": "An object will be returned containing the ID for the resource.",
            "schema": {
              "$ref": "#/definitions/ResourceResponse"
            }
          },
          "default": {
            "description": "The operation failed and the response is an error object describing the status code and failure.",
            "schema": {
              "$ref": "#/definitions/ErrorResponse"
            }
          }
        }
      }
    }
  },
  "definitions": {
    "AttachmentInfo": {
      "description": "Metdata for an attachment",
      "type": "object",
      "properties": {
        "name": {
          "description": "Name of the attachment",
          "type": "string"
        },
        "type": {
          "description": "ContentType of the attachment",
          "type": "string"
        },
        "views": {
          "description": "attachment views",
          "type": "array",
          "items": {
            "$ref": "#/definitions/AttachmentView"
          }
        }
      }
    },
    "AttachmentView": {
      "description": "Attachment View name and size",
      "type": "object",
      "properties": {
        "viewId": {
          "description": "Content type of the attachment",
          "type": "string"
        },
        "size": {
          "format": "int32",
          "description": "Name of the attachment",
          "type": "integer"
        }
      }
    },
    "ErrorResponse": {
      "description": "An HTTP API response",
      "type": "object",
      "properties": {
        "error": {
          "$ref": "#/definitions/Error",
          "description": "Error message"
        }
      }
    },
    "Error": {
      "description": "Object representing error information",
      "type": "object",
      "properties": {
        "code": {
          "description": "Error code",
          "type": "string"
        },
        "message": {
          "description": "Error message",
          "type": "string"
        }
      }
    },
    "ConversationParameters": {
      "description": "Parameters for creating a new conversation",
      "type": "object",
      "properties": {
        "isGroup": {
          "description": "IsGroup",
          "type": "boolean"
        },
        "bot": {
          "$ref": "#/definitions/ChannelAccount",
          "description": "The bot address for this conversation"
        },
        "members": {
          "description": "Members to add to the conversation",
          "type": "array",
          "items": {
            "$ref": "#/definitions/ChannelAccount"
          }
        },
        "topicName": {
          "description": "(Optional) Topic of the conversation (if supported by the channel)",
          "type": "string"
        },
        "activity": {
          "$ref": "#/definitions/Activity",
          "description": "(Optional) When creating a new conversation, use this activity as the intial message to the conversation"
        },
        "channelData": {
          "description": "Channel specific payload for creating the conversation",
          "type": "object"
        }
      }
    },
    "ChannelAccount": {
      "description": "Channel account information needed to route a message",
      "type": "object",
      "properties": {
        "id": {
          "description": "Channel id for the user or bot on this channel (Example: joe@smith.com, or @joesmith or 123456)",
          "type": "string"
        },
        "name": {
          "description": "Display friendly name",
          "type": "string"
        }
      }
    },
    "Activity": {
      "description": "An Activity is the basic communication type for the Bot Framework 3.0 protocol",
      "type": "object",
      "properties": {
        "type": {
          "description": "The type of the activity [message|contactRelationUpdate|converationUpdate|typing|endOfConversation|event|invoke]",
          "type": "string"
        },
        "id": {
          "description": "ID of this activity",
          "type": "string"
        },
        "timestamp": {
          "format": "date-time",
          "description": "UTC Time when message was sent (set by service)",
          "type": "string"
        },
        "localTimestamp": {
          "format": "date-time",
          "description": "Local time when message was sent (set by client, Ex: 2016-09-23T13:07:49.4714686-07:00)",
          "type": "string"
        },
        "serviceUrl": {
          "description": "Service endpoint where operations concerning the activity may be performed",
          "type": "string"
        },
        "channelId": {
          "description": "ID of the channel where the activity was sent",
          "type": "string"
        },
        "from": {
          "$ref": "#/definitions/ChannelAccount",
          "description": "Sender address"
        },
        "conversation": {
          "$ref": "#/definitions/ConversationAccount",
          "description": "Conversation"
        },
        "recipient": {
          "$ref": "#/definitions/ChannelAccount",
          "description": "(Outbound to bot only) Bot's address that received the message"
        },
        "textFormat": {
          "description": "Format of text fields [plain|markdown] Default:markdown",
          "type": "string"
        },
        "attachmentLayout": {
          "description": "Hint for how to deal with multiple attachments: [list|carousel] Default:list",
          "type": "string"
        },
        "membersAdded": {
          "description": "Members added to the conversation",
          "type": "array",
          "items": {
            "$ref": "#/definitions/ChannelAccount"
          }
        },
        "membersRemoved": {
          "description": "Members removed from the conversation",
          "type": "array",
          "items": {
            "$ref": "#/definitions/ChannelAccount"
          }
        },
        "reactionsAdded": {
          "description": "Reactions added to the activity",
          "type": "array",
          "items": {
            "$ref": "#/definitions/MessageReaction"
          }
        },
        "reactionsRemoved": {
          "description": "Reactions removed from the activity",
          "type": "array",
          "items": {
            "$ref": "#/definitions/MessageReaction"
          }
        },
        "topicName": {
          "description": "The conversation's updated topic name",
          "type": "string"
        },
        "historyDisclosed": {
          "description": "True if prior history of the channel is disclosed",
          "type": "boolean"
        },
        "locale": {
          "description": "The language code of the Text field",
          "type": "string"
        },
        "text": {
          "description": "Content for the message",
          "type": "string"
        },
        "speak": {
          "description": "SSML Speak for TTS audio response",
          "type": "string"
        },
        "inputHint": {
          "description": "Indicates whether the bot is accepting, expecting, or ignoring input",
          "type": "string"
        },
        "summary": {
          "description": "Text to display if the channel cannot render cards",
          "type": "string"
        },
        "suggestedActions": {
          "$ref": "#/definitions/SuggestedActions",
          "description": "SuggestedActions are used to provide keyboard/quickreply like behavior in many clients"
        },
        "attachments": {
          "description": "Attachments",
          "type": "array",
          "items": {
            "$ref": "#/definitions/Attachment"
          }
        },
        "entities": {
          "description": "Collection of Entity objects, each of which contains metadata about this activity. Each Entity object is typed.",
          "type": "array",
          "items": {
            "$ref": "#/definitions/Entity"
          }
        },
        "channelData": {
          "description": "Channel-specific payload",
          "type": "object"
        },
        "action": {
          "description": "ContactAdded/Removed action",
          "type": "string"
        },
        "replyToId": {
          "description": "The original ID this message is a response to",
          "type": "string"
        },
        "value": {
          "description": "Open-ended value",
          "type": "object"
        },
        "name": {
          "description": "Name of the operation to invoke or the name of the event",
          "type": "string"
        },
        "relatesTo": {
          "$ref": "#/definitions/ConversationReference",
          "description": "Reference to another conversation or activity"
        },
        "code": {
          "description": "Code indicating why the conversation has ended",
          "type": "string"
        },
        "expiration": {
          "format": "date-time",
          "description": "DateTime to expire the activity as ISO 8601 encoded datetime",
          "type": "string"
        },
        "importance": {
          "description": "Importance of this activity \r\n {Low|Normal|High}, null value indicates Normal importance see ActivityImportance)",
          "type": "string"
        },
        "deliveryMode": {
          "description": "Hint to describe how this activity should be delivered.  \r\nCurrently: null or \"Default\" = default delivery\r\n\"Notification\" = notification semantics",
          "type": "string"
        },
        "textHighlights": {
          "description": "TextHighlight in the activity represented in the ReplyToId property",
          "type": "array",
          "items": {
            "$ref": "#/definitions/TextHighlight"
          }
        }
      }
    },
    "ConversationAccount": {
      "description": "Channel account information for a conversation",
      "type": "object",
      "properties": {
        "isGroup": {
          "description": "Is this a reference to a group",
          "type": "boolean"
        },
        "id": {
          "description": "Channel id for the user or bot on this channel (Example: joe@smith.com, or @joesmith or 123456)",
          "type": "string"
        },
        "name": {
          "description": "Display friendly name",
          "type": "string"
        }
      }
    },
    "MessageReaction": {
      "description": "Message reaction object",
      "type": "object",
      "properties": {
        "type": {
          "description": "Message reaction type",
          "type": "string"
        }
      }
    },
    "SuggestedActions": {
      "description": "SuggestedActions that can be performed",
      "type": "object",
      "properties": {
        "to": {
          "description": "Ids of the recipients that the actions should be shown to.  These Ids are relative to the channelId and a subset of all recipients of the activity",
          "type": "array",
          "items": {
            "type": "string"
          }
        },
        "actions": {
          "description": "Actions that can be shown to the user",
          "type": "array",
          "items": {
            "$ref": "#/definitions/CardAction"
          }
        }
      }
    },
    "Attachment": {
      "description": "An attachment within an activity",
      "type": "object",
      "properties": {
        "contentType": {
          "description": "mimetype/Contenttype for the file",
          "type": "string"
        },
        "contentUrl": {
          "description": "Content Url",
          "type": "string"
        },
        "content": {
          "description": "Embedded content",
          "type": "object"
        },
        "name": {
          "description": "(OPTIONAL) The name of the attachment",
          "type": "string"
        },
        "thumbnailUrl": {
          "description": "(OPTIONAL) Thumbnail associated with attachment",
          "type": "string"
        }
      }
    },
    "Entity": {
      "description": "Object of schema.org types",
      "type": "object",
      "properties": {
        "type": {
          "description": "Entity Type (typically from schema.org types)",
          "type": "string"
        }
      }
    },
    "ConversationReference": {
      "description": "An object relating to a particular point in a conversation",
      "type": "object",
      "properties": {
        "activityId": {
          "description": "(Optional) ID of the activity to refer to",
          "type": "string"
        },
        "user": {
          "$ref": "#/definitions/ChannelAccount",
          "description": "(Optional) User participating in this conversation"
        },
        "bot": {
          "$ref": "#/definitions/ChannelAccount",
          "description": "Bot participating in this conversation"
        },
        "conversation": {
          "$ref": "#/definitions/ConversationAccount",
          "description": "Conversation reference"
        },
        "channelId": {
          "description": "Channel ID",
          "type": "string"
        },
        "serviceUrl": {
          "description": "Service endpoint where operations concerning the referenced conversation may be performed",
          "type": "string"
        }
      }
    },
    "TextHighlight": {
      "description": "",
      "type": "object",
      "properties": {
        "text": {
          "description": "plain text fragment to highlight",
          "type": "string"
        },
        "occurence": {
          "format": "int32",
          "description": "index of occurence of the Text (Starting at 1)",
          "type": "integer"
        }
      }
    },
    "CardAction": {
      "description": "A clickable action",
      "type": "object",
      "properties": {
        "type": {
          "description": "The type of action implemented by this button",
          "type": "string"
        },
        "title": {
          "description": "Text description which appears on the button",
          "type": "string"
        },
        "image": {
          "description": "Image URL which will appear on the button, next to text label",
          "type": "string"
        },
        "text": {
          "description": "Text for this action",
          "type": "string"
        },
        "displayText": {
          "description": "(Optional) text to display in the chat feed if the button is clicked",
          "type": "string"
        },
        "value": {
          "description": "Supplementary parameter for action. Content of this property depends on the ActionType",
          "type": "object"
        }
      }
    },
    "ConversationResourceResponse": {
      "description": "A response containing a resource",
      "type": "object",
      "properties": {
        "activityId": {
          "description": "ID of the Activity (if sent)",
          "type": "string"
        },
        "serviceUrl": {
          "description": "Service endpoint where operations concerning the conversation may be performed",
          "type": "string"
        },
        "id": {
          "description": "Id of the resource",
          "type": "string"
        }
      }
    },
    "ResourceResponse": {
      "description": "A response containing a resource ID",
      "type": "object",
      "properties": {
        "id": {
          "description": "Id of the resource",
          "type": "string"
        }
      }
    },
    "AttachmentData": {
      "description": "Attachment data",
      "type": "object",
      "properties": {
        "type": {
          "description": "Content-Type of the attachment",
          "type": "string"
        },
        "name": {
          "description": "Name of the attachment",
          "type": "string"
        },
        "originalBase64": {
          "format": "byte",
          "description": "Attachment content",
          "type": "string"
        },
        "thumbnailBase64": {
          "format": "byte",
          "description": "Attachment thumbnail",
          "type": "string"
        }
      }
    },
    "HeroCard": {
      "description": "A Hero card (card with a single, large image)",
      "type": "object",
      "properties": {
        "title": {
          "description": "Title of the card",
          "type": "string"
        },
        "subtitle": {
          "description": "Subtitle of the card",
          "type": "string"
        },
        "text": {
          "description": "Text for the card",
          "type": "string"
        },
        "images": {
          "description": "Array of images for the card",
          "type": "array",
          "items": {
            "$ref": "#/definitions/CardImage"
          }
        },
        "buttons": {
          "description": "Set of actions applicable to the current card",
          "type": "array",
          "items": {
            "$ref": "#/definitions/CardAction"
          }
        },
        "tap": {
          "$ref": "#/definitions/CardAction",
          "description": "This action will be activated when user taps on the card itself"
        }
      }
    },
    "CardImage": {
      "description": "An image on a card",
      "type": "object",
      "properties": {
        "url": {
          "description": "URL thumbnail image for major content property",
          "type": "string"
        },
        "alt": {
          "description": "Image description intended for screen readers",
          "type": "string"
        },
        "tap": {
          "$ref": "#/definitions/CardAction",
          "description": "Action assigned to specific Attachment"
        }
      }
    },
    "AnimationCard": {
      "description": "An animation card (Ex: gif or short video clip)",
      "type": "object",
      "properties": {
        "title": {
          "description": "Title of this card",
          "type": "string"
        },
        "subtitle": {
          "description": "Subtitle of this card",
          "type": "string"
        },
        "text": {
          "description": "Text of this card",
          "type": "string"
        },
        "image": {
          "$ref": "#/definitions/ThumbnailUrl",
          "description": "Thumbnail placeholder"
        },
        "media": {
          "description": "Media URLs for this card",
          "type": "array",
          "items": {
            "$ref": "#/definitions/MediaUrl"
          }
        },
        "buttons": {
          "description": "Actions on this card",
          "type": "array",
          "items": {
            "$ref": "#/definitions/CardAction"
          }
        },
        "shareable": {
          "description": "This content may be shared with others (default:true)",
          "type": "boolean"
        },
        "autoloop": {
          "description": "Should the client loop playback at end of content (default:true)",
          "type": "boolean"
        },
        "autostart": {
          "description": "Should the client automatically start playback of media in this card (default:true)",
          "type": "boolean"
        },
        "aspect": {
          "description": "Aspect ratio of thumbnail/media placeholder, allowed values are \"16:9\" and \"4:3\"",
          "type": "string"
        },
        "value": {
          "description": "Supplementary parameter for this card",
          "type": "object"
        }
      }
    },
    "ThumbnailUrl": {
      "description": "Thumbnail URL",
      "required": [
        "url"
      ],
      "type": "object",
      "properties": {
        "url": {
          "description": "URL pointing to the thumbnail to use for media content",
          "type": "string"
        },
        "alt": {
          "description": "HTML alt text to include on this thumbnail image",
          "type": "string"
        }
      }
    },
    "MediaUrl": {
      "description": "Media URL",
      "required": [
        "url"
      ],
      "type": "object",
      "properties": {
        "url": {
          "description": "Url for the media",
          "type": "string"
        },
        "profile": {
          "description": "Optional profile hint to the client to differentiate multiple MediaUrl objects from each other",
          "type": "string"
        }
      }
    },
    "AudioCard": {
      "description": "Audio card",
      "type": "object",
      "properties": {
        "title": {
          "description": "Title of this card",
          "type": "string"
        },
        "subtitle": {
          "description": "Subtitle of this card",
          "type": "string"
        },
        "text": {
          "description": "Text of this card",
          "type": "string"
        },
        "image": {
          "$ref": "#/definitions/ThumbnailUrl",
          "description": "Thumbnail placeholder"
        },
        "media": {
          "description": "Media URLs for this card",
          "type": "array",
          "items": {
            "$ref": "#/definitions/MediaUrl"
          }
        },
        "buttons": {
          "description": "Actions on this card",
          "type": "array",
          "items": {
            "$ref": "#/definitions/CardAction"
          }
        },
        "shareable": {
          "description": "This content may be shared with others (default:true)",
          "type": "boolean"
        },
        "autoloop": {
          "description": "Should the client loop playback at end of content (default:true)",
          "type": "boolean"
        },
        "autostart": {
          "description": "Should the client automatically start playback of media in this card (default:true)",
          "type": "boolean"
        },
        "aspect": {
          "description": "Aspect ratio of thumbnail/media placeholder, allowed values are \"16:9\" and \"4:3\"",
          "type": "string"
        },
        "value": {
          "description": "Supplementary parameter for this card",
          "type": "object"
        }
      }
    },
    "BasicCard": {
      "description": "A basic card",
      "type": "object",
      "properties": {
        "title": {
          "description": "Title of the card",
          "type": "string"
        },
        "subtitle": {
          "description": "Subtitle of the card",
          "type": "string"
        },
        "text": {
          "description": "Text for the card",
          "type": "string"
        },
        "images": {
          "description": "Array of images for the card",
          "type": "array",
          "items": {
            "$ref": "#/definitions/CardImage"
          }
        },
        "buttons": {
          "description": "Set of actions applicable to the current card",
          "type": "array",
          "items": {
            "$ref": "#/definitions/CardAction"
          }
        },
        "tap": {
          "$ref": "#/definitions/CardAction",
          "description": "This action will be activated when user taps on the card itself"
        }
      }
    },
    "MediaCard": {
      "description": "Media card",
      "type": "object",
      "properties": {
        "title": {
          "description": "Title of this card",
          "type": "string"
        },
        "subtitle": {
          "description": "Subtitle of this card",
          "type": "string"
        },
        "text": {
          "description": "Text of this card",
          "type": "string"
        },
        "image": {
          "$ref": "#/definitions/ThumbnailUrl",
          "description": "Thumbnail placeholder"
        },
        "media": {
          "description": "Media URLs for this card",
          "type": "array",
          "items": {
            "$ref": "#/definitions/MediaUrl"
          }
        },
        "buttons": {
          "description": "Actions on this card",
          "type": "array",
          "items": {
            "$ref": "#/definitions/CardAction"
          }
        },
        "shareable": {
          "description": "This content may be shared with others (default:true)",
          "type": "boolean"
        },
        "autoloop": {
          "description": "Should the client loop playback at end of content (default:true)",
          "type": "boolean"
        },
        "autostart": {
          "description": "Should the client automatically start playback of media in this card (default:true)",
          "type": "boolean"
        },
        "aspect": {
          "description": "Aspect ratio of thumbnail/media placeholder, allowed values are \"16:9\" and \"4:3\"",
          "type": "string"
        },
        "value": {
          "description": "Supplementary parameter for this card",
          "type": "object"
        }
      }
    },
    "ReceiptCard": {
      "description": "A receipt card",
      "type": "object",
      "properties": {
        "title": {
          "description": "Title of the card",
          "type": "string"
        },
        "items": {
          "description": "Array of Receipt Items",
          "type": "array",
          "items": {
            "$ref": "#/definitions/ReceiptItem"
          }
        },
        "facts": {
          "description": "Array of Fact Objects   Array of key-value pairs.",
          "type": "array",
          "items": {
            "$ref": "#/definitions/Fact"
          }
        },
        "tap": {
          "$ref": "#/definitions/CardAction",
          "description": "This action will be activated when user taps on the card"
        },
        "total": {
          "description": "Total amount of money paid (or should be paid)",
          "type": "string"
        },
        "tax": {
          "description": "Total amount of TAX paid(or should be paid)",
          "type": "string"
        },
        "vat": {
          "description": "Total amount of VAT paid(or should be paid)",
          "type": "string"
        },
        "buttons": {
          "description": "Set of actions applicable to the current card",
          "type": "array",
          "items": {
            "$ref": "#/definitions/CardAction"
          }
        }
      }
    },
    "ReceiptItem": {
      "description": "An item on a receipt card",
      "type": "object",
      "properties": {
        "title": {
          "description": "Title of the Card",
          "type": "string"
        },
        "subtitle": {
          "description": "Subtitle appears just below Title field, differs from Title in font styling only",
          "type": "string"
        },
        "text": {
          "description": "Text field appears just below subtitle, differs from Subtitle in font styling only",
          "type": "string"
        },
        "image": {
          "$ref": "#/definitions/CardImage",
          "description": "Image"
        },
        "price": {
          "description": "Amount with currency",
          "type": "string"
        },
        "quantity": {
          "description": "Number of items of given kind",
          "type": "string"
        },
        "tap": {
          "$ref": "#/definitions/CardAction",
          "description": "This action will be activated when user taps on the Item bubble."
        }
      }
    },
    "Fact": {
      "description": "Set of key-value pairs. Advantage of this section is that key and value properties will be \r\nrendered with default style information with some delimiter between them. So there is no need for developer to specify style information.",
      "type": "object",
      "properties": {
        "key": {
          "description": "The key for this Fact",
          "type": "string"
        },
        "value": {
          "description": "The value for this Fact",
          "type": "string"
        }
      }
    },
    "SigninCard": {
      "description": "A card representing a request to sign in",
      "type": "object",
      "properties": {
        "text": {
          "description": "Text for signin request",
          "type": "string"
        },
        "buttons": {
          "description": "Action to use to perform signin",
          "type": "array",
          "items": {
            "$ref": "#/definitions/CardAction"
          }
        }
      }
    },
    "ThumbnailCard": {
      "description": "A thumbnail card (card with a single, small thumbnail image)",
      "type": "object",
      "properties": {
        "title": {
          "description": "Title of the card",
          "type": "string"
        },
        "subtitle": {
          "description": "Subtitle of the card",
          "type": "string"
        },
        "text": {
          "description": "Text for the card",
          "type": "string"
        },
        "images": {
          "description": "Array of images for the card",
          "type": "array",
          "items": {
            "$ref": "#/definitions/CardImage"
          }
        },
        "buttons": {
          "description": "Set of actions applicable to the current card",
          "type": "array",
          "items": {
            "$ref": "#/definitions/CardAction"
          }
        },
        "tap": {
          "$ref": "#/definitions/CardAction",
          "description": "This action will be activated when user taps on the card itself"
        }
      }
    },
    "VideoCard": {
      "description": "Video card",
      "type": "object",
      "properties": {
        "title": {
          "description": "Title of this card",
          "type": "string"
        },
        "subtitle": {
          "description": "Subtitle of this card",
          "type": "string"
        },
        "text": {
          "description": "Text of this card",
          "type": "string"
        },
        "image": {
          "$ref": "#/definitions/ThumbnailUrl",
          "description": "Thumbnail placeholder"
        },
        "media": {
          "description": "Media URLs for this card",
          "type": "array",
          "items": {
            "$ref": "#/definitions/MediaUrl"
          }
        },
        "buttons": {
          "description": "Actions on this card",
          "type": "array",
          "items": {
            "$ref": "#/definitions/CardAction"
          }
        },
        "shareable": {
          "description": "This content may be shared with others (default:true)",
          "type": "boolean"
        },
        "autoloop": {
          "description": "Should the client loop playback at end of content (default:true)",
          "type": "boolean"
        },
        "autostart": {
          "description": "Should the client automatically start playback of media in this card (default:true)",
          "type": "boolean"
        },
        "aspect": {
          "description": "Aspect ratio of thumbnail/media placeholder, allowed values are \"16:9\" and \"4:3\"",
          "type": "string"
        },
        "value": {
          "description": "Supplementary parameter for this card",
          "type": "object"
        }
      }
    },
    "GeoCoordinates": {
      "description": "GeoCoordinates (entity type: \"https://schema.org/GeoCoordinates\")",
      "type": "object",
      "properties": {
        "elevation": {
          "format": "double",
          "description": "Elevation of the location [WGS 84](https://en.wikipedia.org/wiki/World_Geodetic_System)",
          "type": "number"
        },
        "latitude": {
          "format": "double",
          "description": "Latitude of the location [WGS 84](https://en.wikipedia.org/wiki/World_Geodetic_System)",
          "type": "number"
        },
        "longitude": {
          "format": "double",
          "description": "Longitude of the location [WGS 84](https://en.wikipedia.org/wiki/World_Geodetic_System)",
          "type": "number"
        },
        "type": {
          "description": "The type of the thing",
          "type": "string"
        },
        "name": {
          "description": "The name of the thing",
          "type": "string"
        }
      }
    },
    "Mention": {
      "description": "Mention information (entity type: \"mention\")",
      "type": "object",
      "properties": {
        "mentioned": {
          "$ref": "#/definitions/ChannelAccount",
          "description": "The mentioned user"
        },
        "text": {
          "description": "Sub Text which represents the mention (can be null or empty)",
          "type": "string"
        },
        "type": {
          "description": "Entity Type (typically from schema.org types)",
          "type": "string"
        }
      }
    },
    "Place": {
      "description": "Place (entity type: \"https://schema.org/Place\")",
      "type": "object",
      "properties": {
        "address": {
          "description": "Address of the place (may be `string` or complex object of type `PostalAddress`)",
          "type": "object"
        },
        "geo": {
          "description": "Geo coordinates of the place (may be complex object of type `GeoCoordinates` or `GeoShape`)",
          "type": "object"
        },
        "hasMap": {
          "description": "Map to the place (may be `string` (URL) or complex object of type `Map`)",
          "type": "object"
        },
        "type": {
          "description": "The type of the thing",
          "type": "string"
        },
        "name": {
          "description": "The name of the thing",
          "type": "string"
        }
      }
    },
    "Thing": {
      "description": "Thing (entity type: \"https://schema.org/Thing\")",
      "type": "object",
      "properties": {
        "type": {
          "description": "The type of the thing",
          "type": "string"
        },
        "name": {
          "description": "The name of the thing",
          "type": "string"
        }
      }
    },
    "MediaEventValue": {
      "description": "Supplementary parameter for media events",
      "type": "object",
      "properties": {
        "cardValue": {
          "description": "Callback parameter specified in the Value field of the MediaCard that originated this event",
          "type": "object"
        }
      }
    },
    "MicrosoftPayMethodData": {
      "description": "W3C Payment Method Data for Microsoft Pay",
      "type": "object",
      "properties": {
        "mechantId": {
          "description": "Microsoft Pay Merchant ID",
          "type": "string"
        },
        "supportedNetworks": {
          "description": "Supported payment networks (e.g., \"visa\" and \"mastercard\")",
          "type": "array",
          "items": {
            "type": "string"
          }
        },
        "supportedTypes": {
          "description": "Supported payment types (e.g., \"credit\")",
          "type": "array",
          "items": {
            "type": "string"
          }
        }
      }
    },
    "PaymentAddress": {
      "description": "Address within a Payment Request",
      "type": "object",
      "properties": {
        "country": {
          "description": "This is the CLDR (Common Locale Data Repository) region code. For example, US, GB, CN, or JP",
          "type": "string"
        },
        "addressLine": {
          "description": "This is the most specific part of the address. It can include, for example, a street name, a house number, apartment number, a rural delivery route, descriptive instructions, or a post office box number.",
          "type": "array",
          "items": {
            "type": "string"
          }
        },
        "region": {
          "description": "This is the top level administrative subdivision of the country. For example, this can be a state, a province, an oblast, or a prefecture.",
          "type": "string"
        },
        "city": {
          "description": "This is the city/town portion of the address.",
          "type": "string"
        },
        "dependentLocality": {
          "description": "This is the dependent locality or sublocality within a city. For example, used for neighborhoods, boroughs, districts, or UK dependent localities.",
          "type": "string"
        },
        "postalCode": {
          "description": "This is the postal code or ZIP code, also known as PIN code in India.",
          "type": "string"
        },
        "sortingCode": {
          "description": "This is the sorting code as used in, for example, France.",
          "type": "string"
        },
        "languageCode": {
          "description": "This is the BCP-47 language code for the address. It's used to determine the field separators and the order of fields when formatting the address for display.",
          "type": "string"
        },
        "organization": {
          "description": "This is the organization, firm, company, or institution at this address.",
          "type": "string"
        },
        "recipient": {
          "description": "This is the name of the recipient or contact person.",
          "type": "string"
        },
        "phone": {
          "description": "This is the phone number of the recipient or contact person.",
          "type": "string"
        }
      }
    },
    "PaymentCurrencyAmount": {
      "description": "Supplies monetary amounts",
      "type": "object",
      "properties": {
        "currency": {
          "description": "A currency identifier",
          "type": "string"
        },
        "value": {
          "description": "Decimal monetary value",
          "type": "string"
        },
        "currencySystem": {
          "description": "Currency system",
          "type": "string"
        }
      }
    },
    "PaymentDetails": {
      "description": "Provides information about the requested transaction",
      "type": "object",
      "properties": {
        "total": {
          "$ref": "#/definitions/PaymentItem",
          "description": "Contains the total amount of the payment request"
        },
        "displayItems": {
          "description": "Contains line items for the payment request that the user agent may display",
          "type": "array",
          "items": {
            "$ref": "#/definitions/PaymentItem"
          }
        },
        "shippingOptions": {
          "description": "A sequence containing the different shipping options for the user to choose from",
          "type": "array",
          "items": {
            "$ref": "#/definitions/PaymentShippingOption"
          }
        },
        "modifiers": {
          "description": "Contains modifiers for particular payment method identifiers",
          "type": "array",
          "items": {
            "$ref": "#/definitions/PaymentDetailsModifier"
          }
        },
        "error": {
          "description": "Error description",
          "type": "string"
        }
      }
    },
    "PaymentItem": {
      "description": "Indicates what the payment request is for and the value asked for",
      "type": "object",
      "properties": {
        "label": {
          "description": "Human-readable description of the item",
          "type": "string"
        },
        "amount": {
          "$ref": "#/definitions/PaymentCurrencyAmount",
          "description": "Monetary amount for the item"
        },
        "pending": {
          "description": "When set to true this flag means that the amount field is not final.",
          "type": "boolean"
        }
      }
    },
    "PaymentShippingOption": {
      "description": "Describes a shipping option",
      "type": "object",
      "properties": {
        "id": {
          "description": "String identifier used to reference this PaymentShippingOption",
          "type": "string"
        },
        "label": {
          "description": "Human-readable description of the item",
          "type": "string"
        },
        "amount": {
          "$ref": "#/definitions/PaymentCurrencyAmount",
          "description": "Contains the monetary amount for the item"
        },
        "selected": {
          "description": "Indicates whether this is the default selected PaymentShippingOption",
          "type": "boolean"
        }
      }
    },
    "PaymentDetailsModifier": {
      "description": "Provides details that modify the PaymentDetails based on payment method identifier",
      "type": "object",
      "properties": {
        "supportedMethods": {
          "description": "Contains a sequence of payment method identifiers",
          "type": "array",
          "items": {
            "type": "string"
          }
        },
        "total": {
          "$ref": "#/definitions/PaymentItem",
          "description": "This value overrides the total field in the PaymentDetails dictionary for the payment method identifiers in the supportedMethods field"
        },
        "additionalDisplayItems": {
          "description": "Provides additional display items that are appended to the displayItems field in the PaymentDetails dictionary for the payment method identifiers in the supportedMethods field",
          "type": "array",
          "items": {
            "$ref": "#/definitions/PaymentItem"
          }
        },
        "data": {
          "description": "A JSON-serializable object that provides optional information that might be needed by the supported payment methods",
          "type": "object"
        }
      }
    },
    "PaymentMethodData": {
      "description": "Indicates a set of supported payment methods and any associated payment method specific data for those methods",
      "type": "object",
      "properties": {
        "supportedMethods": {
          "description": "Required sequence of strings containing payment method identifiers for payment methods that the merchant web site accepts",
          "type": "array",
          "items": {
            "type": "string"
          }
        },
        "data": {
          "description": "A JSON-serializable object that provides optional information that might be needed by the supported payment methods",
          "type": "object"
        }
      }
    },
    "PaymentOptions": {
      "description": "Provides information about the options desired for the payment request",
      "type": "object",
      "properties": {
        "requestPayerName": {
          "description": "Indicates whether the user agent should collect and return the payer's name as part of the payment request",
          "type": "boolean"
        },
        "requestPayerEmail": {
          "description": "Indicates whether the user agent should collect and return the payer's email address as part of the payment request",
          "type": "boolean"
        },
        "requestPayerPhone": {
          "description": "Indicates whether the user agent should collect and return the payer's phone number as part of the payment request",
          "type": "boolean"
        },
        "requestShipping": {
          "description": "Indicates whether the user agent should collect and return a shipping address as part of the payment request",
          "type": "boolean"
        },
        "shippingType": {
          "description": "If requestShipping is set to true, then the shippingType field may be used to influence the way the user agent presents the user interface for gathering the shipping address",
          "type": "string"
        }
      }
    },
    "PaymentRequest": {
      "description": "A request to make a payment",
      "type": "object",
      "properties": {
        "id": {
          "description": "ID of this payment request",
          "type": "string"
        },
        "methodData": {
          "description": "Allowed payment methods for this request",
          "type": "array",
          "items": {
            "$ref": "#/definitions/PaymentMethodData"
          }
        },
        "details": {
          "$ref": "#/definitions/PaymentDetails",
          "description": "Details for this request"
        },
        "options": {
          "$ref": "#/definitions/PaymentOptions",
          "description": "Provides information about the options desired for the payment request"
        },
        "expires": {
          "description": "Expiration for this request, in ISO 8601 duration format (e.g., 'P1D')",
          "type": "string"
        }
      }
    },
    "PaymentRequestComplete": {
      "description": "Payload delivered when completing a payment request",
      "type": "object",
      "properties": {
        "id": {
          "description": "Payment request ID",
          "type": "string"
        },
        "paymentRequest": {
          "$ref": "#/definitions/PaymentRequest",
          "description": "Initial payment request"
        },
        "paymentResponse": {
          "$ref": "#/definitions/PaymentResponse",
          "description": "Corresponding payment response"
        }
      }
    },
    "PaymentResponse": {
      "description": "A PaymentResponse is returned when a user has selected a payment method and approved a payment request",
      "type": "object",
      "properties": {
        "methodName": {
          "description": "The payment method identifier for the payment method that the user selected to fulfil the transaction",
          "type": "string"
        },
        "details": {
          "description": "A JSON-serializable object that provides a payment method specific message used by the merchant to process the transaction and determine successful fund transfer",
          "type": "object"
        },
        "shippingAddress": {
          "$ref": "#/definitions/PaymentAddress",
          "description": "If the requestShipping flag was set to true in the PaymentOptions passed to the PaymentRequest constructor, then shippingAddress will be the full and final shipping address chosen by the user"
        },
        "shippingOption": {
          "description": "If the requestShipping flag was set to true in the PaymentOptions passed to the PaymentRequest constructor, then shippingOption will be the id attribute of the selected shipping option",
          "type": "string"
        },
        "payerEmail": {
          "description": "If the requestPayerEmail flag was set to true in the PaymentOptions passed to the PaymentRequest constructor, then payerEmail will be the email address chosen by the user",
          "type": "string"
        },
        "payerPhone": {
          "description": "If the requestPayerPhone flag was set to true in the PaymentOptions passed to the PaymentRequest constructor, then payerPhone will be the phone number chosen by the user",
          "type": "string"
        }
      }
    },
    "PaymentRequestCompleteResult": {
      "description": "Result from a completed payment request",
      "type": "object",
      "properties": {
        "result": {
          "description": "Result of the payment request completion",
          "type": "string"
        }
      }
    },
    "PaymentRequestUpdate": {
      "description": "An update to a payment request",
      "type": "object",
      "properties": {
        "id": {
          "description": "ID for the payment request to update",
          "type": "string"
        },
        "details": {
          "$ref": "#/definitions/PaymentDetails",
          "description": "Update payment details"
        },
        "shippingAddress": {
          "$ref": "#/definitions/PaymentAddress",
          "description": "Updated shipping address"
        },
        "shippingOption": {
          "description": "Updated shipping options",
          "type": "string"
        }
      }
    },
    "PaymentRequestUpdateResult": {
      "description": "A result object from a Payment Request Update invoke operation",
      "type": "object",
      "properties": {
        "details": {
          "$ref": "#/definitions/PaymentDetails",
          "description": "Update payment details"
        }
      }
    }
  },
  "securityDefinitions": {
    "bearer_auth": {
      "type": "apiKey",
      "description": "Access Token to authenticate calls to the Bot Connector Service.",
      "name": "Authorization",
      "in": "header"
    }
  }
}